Workbook

Sheet 요약
A1: 공공건축 동종업계 현황 종합
A2: 작성일 2026-10-08 · 원자료 4건(엑셀 1, PDF 3) 통합 정리본 · 모든 수치는 인원명부 시트 수식 집계
B5: 기준연도 (연나이 계산) | C5: 2026 | D5: 입력값. 변경 시 전 시트 연나이 자동 재계산.
B7: 총 등재 인원(명) | C7: =COUNTA(인원명부!$H$5:$H$105) -> 101 | D7: 현황 PDF 100건 + 학교별 분석 PDF 단독 1명(이상범)
B8: 건설사 수(개사) | C8: =SUMPRODUCT(1/COUNTIF(인원명부!$F$5:$F$105,인원명부!$F$5:$F$105)) -> 31 | D8: 업체명 표준화 기준
B9: 출신학교 수(개교) | C9: =SUMPRODUCT((인원명부!$L$5:$L$105<>"")/COUNTIF(인원명부!$L$5:$L$105,인원명부!$L$5:$L$105&"")) -> 45 | D9: 대표학교 기준, 학교 미확인 1명 제외
B10: 최고 년생 | C10: =MIN(인원명부!$B$5:$B$105) -> 66
B11: 최저 년생 | C11: =MAX(인원명부!$B$5:$B$105) -> 85
B12: 임원 인원(명) | C12: =COUNTIF(인원명부!$J$5:$J$105,"임원") -> 33 | D12: 부사장·전무·상무·이사·실장 (학교별 분석 PDF 기준)
B13: 부장 이하 인원(명) | C13: =COUNTIF(인원명부!$J$5:$J$105,"부장 이하") -> 66 | D13: 부장·차장·과장·수석·책임
B14: 직급 미기재(명) | C14: =COUNTIF(인원명부!$J$5:$J$105,"미기재") -> 2 | D14: 한양 이유한·김현욱
B15: 팀장·파트장(명) | C15: =COUNTIF(인원명부!$K$5:$K$105,"?*") -> 28 | D15: 원자료 (팀장)·(파트장) 표기 기준
B16: 최다 인원 학교 | C16: =INDEX(학교별!B5:B49,MATCH(MAX(학교별!D5:D49),학교별!D5:D49,0)) -> 한양대
B17: 최다 인원 학교 인원(명) | C17: =MAX(학교별!D5:D49) -> 11
B18: 최다 인원 업체 | C18: =INDEX(업체별!B5:B35,MATCH(MAX(업체별!C5:C35),업체별!C5:C35,0)) -> 대보
B19: 최다 인원 업체 인원(명) | C19: =MAX(업체별!C5:C35) -> 8
B20: 확인 필요 건수 | C20: =COUNTIF(인원명부!$P$5:$P$105,"*확인 필요*") -> 4 | D20: 상세: 자료대조 시트
B22: 표기 안내
C23: 임원(인원명부 업체·직급구분 열)
C24: 팀장·파트장(인원명부 직책 열)
C25: 자료 간 표기 상이 → 확인 필요(인원명부 비고 열)
B27: 시트 구성
B28: 인원명부: 101명 전체 명단(필터 가능)
B29: 년생별: 66~85년생 인원·임원·명단
B30: 업체별: 31개사 인원·임원·명단
B31: 학교별: 대표학교 기준 인원·지역·명단
B32: 자료대조: 원자료 4건 비교 및 확인 필요 사항

Sheet 인원명부
A1: 공공건축 동종업계 인원명부 (최종)
A2: 작성일 2026-10-08 · 정렬: 년생 → 임원 우선 · 연나이 = 기준연도(요약!C5) − 출생연도
A4: 순번 | B4: 년생 | C4: 빠른 년생 | D4: 연나이 | E4: 띠 | F4: 업체 (표준) | G4: 원자료 업체표기 | H4: 성명 | I4: 직급 | J4: 직급구분 | K4: 직책 | L4: 대표학교 | M4: 출신학교 (원자료 전체) | N4: 학교지역 | O4: 자료출처 | P4: 비고
A5: 1 | B5: 66 | D5: =요약!$C$5-(1900+B5) -> 60 | E5: 말띠 | F5: 남광 | G5: 남광 | H5: 허정호 | I5: 부사장 | J5: 임원 | L5: 수원대 | M5: 수원대/성균관대 | O5: 엑셀(가로)·현황PDF(100건)
A6: 2 | B6: 66 | D6: =요약!$C$5-(1900+B6) -> 60 | E6: 말띠 | F6: KR | G6: KR | H6: 조판철 | I6: 상무 | J6: 임원 | L6: 한밭대 | M6: 한밭대 | N6: 대전·충청 | O6: 엑셀(가로)·현황PDF(100건)
A7: 3 | B7: 66 | D7: =요약!$C$5-(1900+B7) -> 60 | E7: 말띠 | F7: 대보 | G7: 대보 | H7: 정재수 | I7: 전무 | J7: 임원 | L7: 한양대 | M7: 한양대 | N7: 서울 | O7: 엑셀(가로)·현황PDF(100건)
A8: 4 | B8: 66 | D8: =요약!$C$5-(1900+B8) -> 60 | E8: 말띠 | F8: 태영 | G8: 태영 | H8: 정진형 | I8: 전무 | J8: 임원 | L8: 경희대 | M8: 경희대 | N8: 서울 | O8: 엑셀(가로)·현황PDF(100건)
A9: 5 | B9: 66 | D9: =요약!$C$5-(1900+B9) -> 60 | E9: 말띠 | F9: 포스코 | G9: 포스코 | H9: 박종진 | I9: 전무 | J9: 임원 | L9: 고려대 | M9: 고려대 | N9: 서울 | O9: 엑셀(가로)·현황PDF(100건)
A10: 6 | B10: 69 | D10: =요약!$C$5-(1900+B10) -> 57 | E10: 닭띠 | F10: 한양 | G10: 한양 | H10: 조훈 | I10: 상무 | J10: 임원 | L10: 중앙대 | M10: 중앙대 | N10: 서울 | O10: 엑셀(가로)·현황PDF(100건) | P10: 학교별분석PDF 미포함(집계 제외 인원).
A11: 7 | B11: 70 | C11: 빠른 | D11: =요약!$C$5-(1900+B11) -> 56 | E11: 개띠 | F11: 대우 | G11: 대우 | H11: 김용 | I11: 상무 | J11: 임원 | L11: 한양대 | M11: 한양대 | N11: 서울 | O11: 엑셀(가로)·현황PDF(100건)
A12: 8 | B12: 70 | D12: =요약!$C$5-(1900+B12) -> 56 | E12: 개띠 | F12: 동부 | G12: 동부 | H12: 김희석 | I12: 전무 | J12: 임원 | L12: 명지대 | M12: 명지대 | N12: 서울 | O12: 엑셀(가로)·현황PDF(100건)
A13: 9 | B13: 70 | D13: =요약!$C$5-(1900+B13) -> 56 | E13: 개띠 | F13: 금강 | G13: 금강 | H13: 위현복 | I13: 상무 | J13: 임원 | L13: 광운대 | M13: 광운대 | N13: 서울 | O13: 엑셀(가로)·현황PDF(100건)
A14: 10 | B14: 70 | D14: =요약!$C$5-(1900+B14) -> 56 | E14: 개띠 | F14: 한신 | G14: 한신 | H14: 조규용 | I14: 상무 | J14: 임원 | L14: 원광대 | M14: 원광대 | O14: 엑셀(가로)·현황PDF(100건)
A15: 11 | B15: 70 | D15: =요약!$C$5-(1900+B15) -> 56 | E15: 개띠 | F15: 우미 | G15: 우미 | H15: 김형일 | I15: 전무 | J15: 임원 | L15: 광운대 | M15: 광운대 | N15: 서울 | O15: 엑셀(가로)·현황PDF(100건)
A16: 12 | B16: 70 | D16: =요약!$C$5-(1900+B16) -> 56 | E16: 개띠 | F16: 서희 | G16: 서희 | H16: 임흥식 | I16: 전무 | J16: 임원 | L16: 경일대 | M16: 경일대 | N16: 대구·경북 | O16: 엑셀(가로)·현황PDF(100건)
A17: 13 | B17: 70 | C17: 빠른 | D17: =요약!$C$5-(1900+B17) -> 56 | E17: 개띠 | F17: 금호 | G17: 금호 | H17: 신재혁 | I17: 전무 | J17: 임원 | L17: 아주대 | M17: 아주대 | N17: 경기·인천 | O17: 엑셀(가로)·현황PDF(100건)
A18: 14 | B18: 71 | D18: =요약!$C$5-(1900+B18) -> 55 | E18: 돼지띠 | F18: 계룡 | G18: 계룡 | H18: 전병규 | I18: 상무 | J18: 임원 | L18: 한밭대 | M18: 한밭대 | N18: 대전·충청 | O18: 엑셀(가로)·현황PDF(100건)
A19: 15 | B19: 71 | D19: =요약!$C$5-(1900+B19) -> 55 | E19: 돼지띠 | F19: HJ중공업 | G19: HJ중공업 | H19: 정회경 | I19: 상무 | J19: 임원 | L19: 한양대 | M19: 한양대 | N19: 서울 | O19: 엑셀(가로)·현황PDF(100건)
A20: 16 | B20: 72 | C20: 빠른 | D20: =요약!$C$5-(1900+B20) -> 54 | E20: 쥐띠 | F20: 계룡 | G20: 계룡 | H20: 강희관 | I20: 상무 | J20: 임원 | L20: 충남대 | M20: 충남대 | N20: 대전·충청 | O20: 엑셀(가로)·현황PDF(100건)
A21: 17 | B21: 72 | D21: =요약!$C$5-(1900+B21) -> 54 | E21: 쥐띠 | F21: 진흥 | G21: 진흥 | H21: 김준기 | I21: 상무 | J21: 임원 | L21: 인하대 | M21: 인하대 | N21: 경기·인천 | O21: 엑셀(가로)·현황PDF(100건)
A22: 18 | B22: 72 | D22: =요약!$C$5-(1900+B22) -> 54 | E22: 쥐띠 | F22: 태영 | G22: 태영 | H22: 우기수 | I22: 상무 | J22: 임원 | L22: 경상대 | M22: 경상대 | O22: 엑셀(가로)·현황PDF(100건)
A23: 19 | B23: 73 | D23: =요약!$C$5-(1900+B23) -> 53 | E23: 소띠 | F23: 극동 | G23: 극동 | H23: 박한섭 | I23: 전무 | J23: 임원 | L23: 건국대 | M23: 건국대 | N23: 서울 | O23: 엑셀(가로)·현황PDF(100건)
A24: 20 | B24: 73 | D24: =요약!$C$5-(1900+B24) -> 53 | E24: 소띠 | F24: 남광 | G24: 남광 | H24: 남도현 | I24: 상무 | J24: 임원 | L24: 서울과기대 | M24: 서울과기대 | N24: 서울 | O24: 엑셀(가로)·현황PDF(100건)
A25: 21 | B25: 73 | D25: =요약!$C$5-(1900+B25) -> 53 | E25: 소띠 | F25: HJ중공업 | G25: HJ중공업 | H25: 김건용 | I25: 상무 | J25: 임원 | L25: 서울시립대 | M25: 서울시립대 | N25: 서울 | O25: 엑셀(가로)·현황PDF(100건)
A26: 22 | B26: 73 | D26: =요약!$C$5-(1900+B26) -> 53 | E26: 소띠 | F26: 대보 | G26: 대보 | H26: 손익창 | I26: 상무 | J26: 임원 | L26: 홍익대 | M26: 홍익대 | N26: 서울 | O26: 엑셀(가로)·현황PDF(100건)
A27: 23 | B27: 73 | D27: =요약!$C$5-(1900+B27) -> 53 | E27: 소띠 | F27: 서한 | G27: 서한 | H27: 김성우 | I27: 이사 | J27: 임원 | L27: 경일대 | M27: 경일대 | N27: 대구·경북 | O27: 엑셀(가로)·현황PDF(100건)
A28: 24 | B28: 73 | D28: =요약!$C$5-(1900+B28) -> 53 | E28: 소띠 | F28: 코오롱 | G28: 코오롱 | H28: 신윤선 | I28: 상무 | J28: 임원 | L28: 고려대 | M28: 고려대 | N28: 서울 | O28: 엑셀(가로)·현황PDF(100건)
A29: 25 | B29: 73 | D29: =요약!$C$5-(1900+B29) -> 53 | E29: 소띠 | F29: 동부 | G29: 동부 | H29: 김종표 | I29: 상무 | J29: 임원 | K29: 팀장 | L29: 명지대 | M29: 명지대 | N29: 서울 | O29: 엑셀(가로)·현황PDF(100건)
A30: 26 | B30: 73 | D30: =요약!$C$5-(1900+B30) -> 53 | E30: 소띠 | F30: 동부 | G30: 동부 | H30: 정필교 | I30: 상무 | J30: 임원 | K30: 팀장 | L30: 서울대 | M30: 서울대 | O30: 엑셀(가로)·현황PDF(100건)
A31: 27 | B31: 73 | D31: =요약!$C$5-(1900+B31) -> 53 | E31: 소띠 | F31: 신동아 | G31: 신동아 | H31: 최경식 | I31: 상무 | J31: 임원 | L31: 영남대 | M31: 영남대 | N31: 대구·경북 | O31: 엑셀(가로)·현황PDF(100건)
A32: 28 | B32: 73 | D32: =요약!$C$5-(1900+B32) -> 53 | E32: 소띠 | F32: 한화 | G32: 한화 | H32: 박영철 | I32: 부장 | J32: 부장 이하 | L32: 조선대 | M32: 조선대/전남대 | N32: 호남·강원 | O32: 엑셀(가로)·현황PDF(100건)
A33: 29 | B33: 73 | D33: =요약!$C$5-(1900+B33) -> 53 | E33: 소띠 | F33: 한신 | G33: 한신 | H33: 김용진 | I33: 부장 | J33: 부장 이하 | K33: 팀장 | L33: 숭실대 | M33: 숭실대 | N33: 서울 | O33: 엑셀(가로)·현황PDF(100건)
A34: 30 | B34: 73 | D34: =요약!$C$5-(1900+B34) -> 53 | E34: 소띠 | F34: GS | G34: GS | H34: 성중규 | I34: 부장 | J34: 부장 이하 | L34: 한양대 | M34: 한양대 | N34: 서울 | O34: 엑셀(가로)·현황PDF(100건) | P34: 학교별분석PDF 미포함(집계 제외 인원).
A35: 31 | B35: 73 | D35: =요약!$C$5-(1900+B35) -> 53 | E35: 소띠 | F35: 대보 | G35: 대보 | H35: 양진영 | I35: 부장 | J35: 부장 이하 | M35: 국방부 | O35: 엑셀(가로)·현황PDF(100건) | P35: 원자료 학교란 "국방부" 표기. 출신학교 미확인.
A36: 32 | B36: 74 | D36: =요약!$C$5-(1900+B36) -> 52 | E36: 호랑이띠 | F36: DL이앤씨 | G36: DL이앤씨 | H36: 박창용 | I36: 실장 | J36: 임원 | L36: 고려대 | M36: 고려대 | N36: 서울 | O36: 엑셀(가로)·현황PDF(100건)
A37: 33 | B37: 74 | D37: =요약!$C$5-(1900+B37) -> 52 | E37: 호랑이띠 | F37: GS | G37: GS | H37: 박재범 | I37: 부장 | J37: 부장 이하 | K37: 팀장 | L37: 서울과기대 | M37: 서울과기대 | N37: 서울 | O37: 엑셀(가로)·현황PDF(100건)
A38: 34 | B38: 74 | D38: =요약!$C$5-(1900+B38) -> 52 | E38: 호랑이띠 | F38: HJ중공업 | G38: HJ중공업 | H38: 김성용 | I38: 부장 | J38: 부장 이하 | L38: 인하대 | M38: 인하대/아주대 | N38: 경기·인천 | O38: 엑셀(가로)·현황PDF(100건)
A39: 35 | B39: 74 | D39: =요약!$C$5-(1900+B39) -> 52 | E39: 호랑이띠 | F39: HJ중공업 | G39: HJ중공업 | H39: 김준의 | I39: 부장 | J39: 부장 이하 | L39: 경성대 | M39: 경성대/부산대 | O39: 엑셀(가로)·현황PDF(100건)
A40: 36 | B40: 75 | D40: =요약!$C$5-(1900+B40) -> 51 | E40: 토끼띠 | F40: 우미 | G40: 우미 | H40: 김철호 | I40: 상무 | J40: 임원 | L40: 광운대 | M40: 광운대 | N40: 서울 | O40: 엑셀(가로)·현황PDF(100건)
A41: 37 | B41: 75 | D41: =요약!$C$5-(1900+B41) -> 51 | E41: 토끼띠 | F41: 이수 | G41: 이수 | H41: 최병훈 | I41: 이사 | J41: 임원 | K41: 팀장 | L41: 세종대 | M41: 세종대/건국대 | N41: 서울 | O41: 엑셀(가로)·현황PDF(100건)
A42: 38 | B42: 75 | D42: =요약!$C$5-(1900+B42) -> 51 | E42: 토끼띠 | F42: 한화 | G42: 한화 | H42: 송원영 | I42: 부장 | J42: 부장 이하 | K42: 팀장 | L42: 한양대 | M42: 한양대 | N42: 서울 | O42: 엑셀(가로)·현황PDF(100건)
A43: 39 | B43: 75 | C43: 빠른 | D43: =요약!$C$5-(1900+B43) -> 51 | E43: 토끼띠 | F43: 금강 | G43: 금강 | H43: 이준성 | I43: 부장 | J43: 부장 이하 | K43: 팀장 | L43: 안양대 | M43: 안양대 | O43: 엑셀(가로)·현황PDF(100건)
A44: 40 | B44: 76 | D44: =요약!$C$5-(1900+B44) -> 50 | E44: 용띠 | F44: DL이앤씨 | G44: DL이앤씨 | H44: 박은철 | I44: 상무 | J44: 임원 | L44: 단국대 | M44: 단국대 | N44: 경기·인천 | O44: 엑셀(가로)·현황PDF(100건)
A45: 41 | B45: 76 | D45: =요약!$C$5-(1900+B45) -> 50 | E45: 용띠 | F45: 금호 | G45: 금호 | H45: 김찬식 | I45: 상무 | J45: 임원 | L45: 동국대 | M45: 동국대 | O45: 엑셀(가로)·현황PDF(100건)
A46: 42 | B46: 76 | D46: =요약!$C$5-(1900+B46) -> 50 | E46: 용띠 | F46: 대보 | G46: 대보 | H46: 하승훈 | I46: 상무 | J46: 임원 | K46: 팀장 | L46: 홍익대 | M46: 홍익대 | N46: 서울 | O46: 엑셀(가로)·현황PDF(100건)
A47: 43 | B47: 76 | D47: =요약!$C$5-(1900+B47) -> 50 | E47: 용띠 | F47: 대우 | G47: 대우 | H47: 박민혁 | I47: 책임 | J47: 부장 이하 | K47: 팀장 | L47: 단국대 | M47: 단국대 | N47: 경기·인천 | O47: 엑셀(가로)·현황PDF(100건)
A48: 44 | B48: 76 | D48: =요약!$C$5-(1900+B48) -> 50 | E48: 용띠 | F48: 동부 | G48: 동부 | H48: 손규홍 | I48: 부장 | J48: 부장 이하 | L48: 영남대 | M48: 영남대 | N48: 대구·경북 | O48: 엑셀(가로)·현황PDF(100건)
A49: 45 | B49: 76 | D49: =요약!$C$5-(1900+B49) -> 50 | E49: 용띠 | F49: 극동 | G49: 극동 | H49: 이진만 | I49: 부장 | J49: 부장 이하 | K49: 파트장 | L49: 광운대 | M49: 광운대 | N49: 서울 | O49: 엑셀(가로)·현황PDF(100건)
A50: 46 | B50: 76 | D50: =요약!$C$5-(1900+B50) -> 50 | E50: 용띠 | F50: 대보 | G50: 대보 | H50: 김홍석 | I50: 부장 | J50: 부장 이하 | K50: 팀장 | L50: 부경대 | M50: 부경대 | O50: 엑셀(가로)·현황PDF(100건)
A51: 47 | B51: 76 | D51: =요약!$C$5-(1900+B51) -> 50 | E51: 용띠 | F51: 서한 | G51: 서한 | H51: 길동영 | I51: 부장 | J51: 부장 이하 | K51: 팀장 | L51: 영남대 | M51: 영남대 | N51: 대구·경북 | O51: 엑셀(가로)·현황PDF(100건)
A52: 48 | B52: 76 | D52: =요약!$C$5-(1900+B52) -> 50 | E52: 용띠 | F52: 한양 | G52: 한양 | H52: 이유한 | J52: 미기재 | K52: 팀장 | L52: 한양대 | M52: 한양대 | N52: 서울 | O52: 엑셀(가로)·현황PDF(100건) | P52: 학교별분석PDF 미포함(집계 제외 인원). 직급 미기재.
A53: 49 | B53: 76 | D53: =요약!$C$5-(1900+B53) -> 50 | E53: 용띠 | F53: 진흥 | G53: 진흥 | H53: 김동현 | I53: 부장 | J53: 부장 이하 | L53: 동아대 | M53: 동아대 | O53: 엑셀(가로)·현황PDF(100건)
A54: 50 | B54: 76 | D54: =요약!$C$5-(1900+B54) -> 50 | E54: 용띠 | F54: 남광 | G54: 남광 | H54: 박주현 | I54: 부장 | J54: 부장 이하 | K54: 팀장 | L54: 성균관대 | M54: 성균관대 | O54: 엑셀(가로)·현황PDF(100건)
A55: 51 | B55: 76 | D55: =요약!$C$5-(1900+B55) -> 50 | E55: 용띠 | F55: 계룡 | G55: 계룡 | H55: 김동식 | I55: 부장 | J55: 부장 이하 | L55: 경북대 | M55: 경북대 | N55: 대구·경북 | O55: 엑셀(가로)·현황PDF(100건)
A56: 52 | B56: 77 | D56: =요약!$C$5-(1900+B56) -> 49 | E56: 뱀띠 | F56: DL이앤씨 | G56: DL이앤씨 | H56: 송영찬 | I56: 부장 | J56: 부장 이하 | L56: 건국대 | M56: 건국대 | N56: 서울 | O56: 엑셀(가로)·현황PDF(100건)
A57: 53 | B57: 77 | D57: =요약!$C$5-(1900+B57) -> 49 | E57: 뱀띠 | F57: 진흥 | G57: 진흥 | H57: 조성필 | I57: 차장 | J57: 부장 이하 | L57: 인하대 | M57: 인하대 | N57: 경기·인천 | O57: 엑셀(가로)·현황PDF(100건)
A58: 54 | B58: 77 | C58: 빠른 | D58: =요약!$C$5-(1900+B58) -> 49 | E58: 뱀띠 | F58: 금강 | G58: 금강 | H58: 유태현 | I58: 부장 | J58: 부장 이하 | L58: 한라대 | M58: 한라대 | O58: 엑셀(가로)·현황PDF(100건) | P58: 엑셀 원자료 "빠른76" 표기. 77년생 행에 기재되어 77년생으로 분류.
A59: 55 | B59: 78 | D59: =요약!$C$5-(1900+B59) -> 48 | E59: 말띠 | F59: HJ중공업 | G59: HJ중공업 | H59: 라영철 | I59: 차장 | J59: 부장 이하 | L59: 대구대 | M59: 대구대 | N59: 대구·경북 | O59: 엑셀(가로)·현황PDF(100건)
A60: 56 | B60: 78 | D60: =요약!$C$5-(1900+B60) -> 48 | E60: 말띠 | F60: 동부 | G60: 동부 | H60: 김성호 | I60: 부장 | J60: 부장 이하 | L60: 고려대 | M60: 고려대 | N60: 서울 | O60: 엑셀(가로)·현황PDF(100건)
A61: 57 | B61: 78 | D61: =요약!$C$5-(1900+B61) -> 48 | E61: 말띠 | F61: 신동아 | G61: 신동아 | H61: 이동하 | I61: 부장 | J61: 부장 이하 | K61: 팀장 | L61: 단국대 | M61: 단국대 | N61: 경기·인천 | O61: 엑셀(가로)·현황PDF(100건)
A62: 58 | B62: 78 | D62: =요약!$C$5-(1900+B62) -> 48 | E62: 말띠 | F62: 태영 | G62: 태영 | H62: 박석현 | I62: 부장 | J62: 부장 이하 | K62: 팀장 | L62: 한양대 | M62: 한양대 | N62: 서울 | O62: 엑셀(가로)·현황PDF(100건)
A63: 59 | B63: 78 | D63: =요약!$C$5-(1900+B63) -> 48 | E63: 말띠 | F63: 한양 | G63: 한양 | H63: 김현욱 | J63: 미기재 | L63: 계원예술대 | M63: 계원예술대/경기대 | O63: 엑셀(가로)·현황PDF(100건) | P63: 학교별분석PDF 미포함(집계 제외 인원). 직급 미기재.
A64: 60 | B64: 79 | D64: =요약!$C$5-(1900+B64) -> 47 | E64: 양띠 | F64: 금호 | G64: 금호 | H64: 강훈모 | I64: 수석매니저 | J64: 부장 이하 | K64: 팀장 | L64: 충남대 | M64: 충남대 | N64: 대전·충청 | O64: 엑셀(가로)·현황PDF(100건)
A65: 61 | B65: 79 | D65: =요약!$C$5-(1900+B65) -> 47 | E65: 양띠 | F65: KR | G65: KR | H65: 차유진 | I65: 부장 | J65: 부장 이하 | K65: 팀장 | L65: 동양대 | M65: 동양대/중앙대 | O65: 엑셀(가로)·현황PDF(100건)
A66: 62 | B66: 79 | D66: =요약!$C$5-(1900+B66) -> 47 | E66: 양띠 | F66: 대경 | G66: 대경 | H66: 박용덕 | I66: 부장 | J66: 부장 이하 | K66: 팀장 | L66: 유원대 | M66: 유원대/한양대 | O66: 엑셀(가로)·현황PDF(100건)
A67: 63 | B67: 79 | D67: =요약!$C$5-(1900+B67) -> 47 | E67: 양띠 | F67: DL이앤씨 | G67: DL이앤씨 | H67: 안홍주 | I67: 부장 | J67: 부장 이하 | L67: 전남대 | M67: 전남대 | N67: 호남·강원 | O67: 엑셀(가로)·현황PDF(100건)
A68: 64 | B68: 79 | D68: =요약!$C$5-(1900+B68) -> 47 | E68: 양띠 | F68: 대우 | G68: 대우 | H68: 김흥락 | I68: 책임 | J68: 부장 이하 | L68: 연세대 | M68: 연세대 | N68: 서울 | O68: 엑셀(가로)·현황PDF(100건)
A69: 65 | B69: 79 | D69: =요약!$C$5-(1900+B69) -> 47 | E69: 양띠 | F69: 계룡 | G69: 계룡 | H69: 사용기 | I69: 부장 | J69: 부장 이하 | K69: 팀장 | L69: 충북대 | M69: 충북대 | N69: 대전·충청 | O69: 엑셀(가로)·현황PDF(100건) | P69: 학교 표기 상이: 엑셀·현황PDF 충북대 / 학교별분석PDF 청주대. 확인 필요.
A70: 66 | B70: 80 | D70: =요약!$C$5-(1900+B70) -> 46 | E70: 원숭이띠 | F70: 금호 | G70: 금호 | H70: 허림 | I70: 수석매니저 | J70: 부장 이하 | K70: 팀장 | L70: 아주대 | M70: 아주대 | N70: 경기·인천 | O70: 엑셀(가로)·현황PDF(100건)
A71: 67 | B71: 80 | D71: =요약!$C$5-(1900+B71) -> 46 | E71: 원숭이띠 | F71: 계룡 | G71: 계룡 | H71: 오병한 | I71: 부장 | J71: 부장 이하 | K71: 팀장 | L71: 충북대 | M71: 충북대 | N71: 대전·충청 | O71: 엑셀(가로)·현황PDF(100건)
A72: 68 | B72: 80 | D72: =요약!$C$5-(1900+B72) -> 46 | E72: 원숭이띠 | F72: 우미 | G72: 우미 | H72: 배성민 | I72: 부장 | J72: 부장 이하 | K72: 팀장 | L72: 한양대 | M72: 한양대 | N72: 서울 | O72: 엑셀(가로)·현황PDF(100건)
A73: 69 | B73: 80 | D73: =요약!$C$5-(1900+B73) -> 46 | E73: 원숭이띠 | F73: 대보 | G73: 대보 | H73: 차대희 | I73: 부장 | J73: 부장 이하 | L73: 세종대 | M73: 세종대 | N73: 서울 | O73: 엑셀(가로)·현황PDF(100건)
A74: 70 | B74: 80 | C74: 빠른 | D74: =요약!$C$5-(1900+B74) -> 46 | E74: 원숭이띠 | F74: DL이앤씨 | G74: DL이앤씨 | H74: 정태왕 | I74: 부장 | J74: 부장 이하 | K74: 팀장 | L74: 충북대 | M74: 충북대 | N74: 대전·충청 | O74: 엑셀(가로)·현황PDF(100건)
A75: 71 | B75: 80 | D75: =요약!$C$5-(1900+B75) -> 46 | E75: 원숭이띠 | F75: 신동아 | G75: 신동아 | H75: 안이태 | I75: 부장 | J75: 부장 이하 | L75: 중부대 | M75: 중부대 | O75: 엑셀(가로)·현황PDF(100건)
A76: 72 | B76: 81 | D76: =요약!$C$5-(1900+B76) -> 45 | E76: 닭띠 | F76: 금호 | G76: 금호 | H76: 김수희 | I76: 수석매니저 | J76: 부장 이하 | L76: 대구대 | M76: 대구대 | N76: 대구·경북 | O76: 엑셀(가로)·현황PDF(100건)
A77: 73 | B77: 81 | D77: =요약!$C$5-(1900+B77) -> 45 | E77: 닭띠 | F77: 금호 | G77: 금호 | H77: 이경은 | I77: 수석매니저 | J77: 부장 이하 | L77: 서울과기대 | M77: 서울과기대 | N77: 서울 | O77: 엑셀(가로)·현황PDF(100건)
A78: 74 | B78: 81 | D78: =요약!$C$5-(1900+B78) -> 45 | E78: 닭띠 | F78: HJ중공업 | G78: HJ | H78: 이범석 | I78: 부장 | J78: 부장 이하 | L78: 인하대 | M78: 인하대 | N78: 경기·인천 | O78: 엑셀(가로)·현황PDF(100건)
A79: 75 | B79: 81 | D79: =요약!$C$5-(1900+B79) -> 45 | E79: 닭띠 | F79: 쌍용 | G79: 쌍용 | H79: 전현도 | I79: 차장 | J79: 부장 이하 | L79: 중앙대 | M79: 울산대/중앙대 | N79: 서울 | O79: 엑셀(가로)·현황PDF(100건) | P79: 대표학교는 학교별분석PDF 분류(중앙대) 적용.
A80: 76 | B80: 81 | D80: =요약!$C$5-(1900+B80) -> 45 | E80: 닭띠 | F80: 금백 | G80: 금백 | H80: 이규호 | I80: 차장 | J80: 부장 이하 | L80: 한양대 | M80: 한양대 | N80: 서울 | O80: 엑셀(가로)·현황PDF(100건)
A81: 77 | B81: 81 | D81: =요약!$C$5-(1900+B81) -> 45 | E81: 닭띠 | F81: 대보 | G81: 대보 | H81: 박정석 | I81: 차장 | J81: 부장 이하 | L81: 선문대 | M81: 선문대 | O81: 엑셀(가로)·현황PDF(100건)
A82: 78 | B82: 81 | D82: =요약!$C$5-(1900+B82) -> 45 | E82: 닭띠 | F82: 한양 | G82: 한양 | H82: 임재경 | I82: 차장 | J82: 부장 이하 | L82: 동의대 | M82: 동의대 | O82: 엑셀(가로)·현황PDF(100건) | P82: 학교별분석PDF 미포함(집계 제외 인원).
A83: 79 | B83: 82 | D83: =요약!$C$5-(1900+B83) -> 44 | E83: 개띠 | F83: DL이앤씨 | G83: DL이앤씨 | H83: 이석현 | I83: 부장 | J83: 부장 이하 | L83: 중앙대 | M83: 중앙대 | N83: 서울 | O83: 엑셀(가로)·현황PDF(100건)
A84: 80 | B84: 82 | D84: =요약!$C$5-(1900+B84) -> 44 | E84: 개띠 | F84: DL건설 | G84: DL건설 | H84: 하동우 | I84: 부장 | J84: 부장 이하 | L84: 서울과기대 | M84: 서울과기대 | N84: 서울 | O84: 엑셀(가로)·현황PDF(100건)
A85: 81 | B85: 82 | D85: =요약!$C$5-(1900+B85) -> 44 | E85: 개띠 | F85: 태영 | G85: 태영 | H85: 백건구 | I85: 차장 | J85: 부장 이하 | L85: 건국대 | M85: 건국대 | N85: 서울 | O85: 엑셀(가로)·현황PDF(100건)
A86: 82 | B86: 82 | D86: =요약!$C$5-(1900+B86) -> 44 | E86: 개띠 | F86: GS | G86: GS | H86: 서해두 | I86: 부장 | J86: 부장 이하 | L86: 아주대 | M86: 아주대 | N86: 경기·인천 | O86: 엑셀(가로)·현황PDF(100건) | P86: 학교별분석PDF 미포함(집계 제외 인원).
A87: 83 | B87: 82 | D87: =요약!$C$5-(1900+B87) -> 44 | E87: 개띠 | F87: 극동 | G87: 극동 | H87: 차길환 | I87: 차장 | J87: 부장 이하 | K87: 파트장 | L87: 목원대 | M87: 목원대 | O87: 엑셀(가로)·현황PDF(100건)
A88: 84 | B88: 82 | D88: =요약!$C$5-(1900+B88) -> 44 | E88: 개띠 | F88: 계룡 | G88: 계룡 | H88: 권세호 | I88: 차장 | J88: 부장 이하 | L88: 인하대 | M88: 인하대 | N88: 경기·인천 | O88: 엑셀(가로)·현황PDF(100건)
A89: 85 | B89: 82 | D89: =요약!$C$5-(1900+B89) -> 44 | E89: 개띠 | F89: 계룡 | G89: 계룡 | H89: 송원한 | I89: 차장 | J89: 부장 이하 | K89: 팀장 | L89: 계명대 | M89: 계명대 | N89: 대구·경북 | O89: 엑셀(가로)·현황PDF(100건)
A90: 86 | B90: 82 | D90: =요약!$C$5-(1900+B90) -> 44 | E90: 개띠 | F90: 금강 | G90: 금강 | H90: 안현민 | I90: 차장 | J90: 부장 이하 | L90: 조선대 | M90: 조선대 | N90: 호남·강원 | O90: 엑셀(가로)·현황PDF(100건)
A91: 87 | B91: 82 | C91: 빠른 | D91: =요약!$C$5-(1900+B91) -> 44 | E91: 개띠 | F91: GS | G91: GS | H91: 김태우 | I91: 부장 | J91: 부장 이하 | L91: 계명대 | M91: 계명대 | N91: 대구·경북 | O91: 엑셀(가로)·현황PDF(100건) | P91: 년생 표기 상이: 엑셀·현황PDF 빠른82 / 학교별분석PDF 81. 확인 필요.
A92: 88 | B92: 83 | D92: =요약!$C$5-(1900+B92) -> 43 | E92: 돼지띠 | F92: 코오롱 | G92: 코오롱 | H92: 신재영 | I92: 차장 | J92: 부장 이하 | K92: 팀장 | L92: 경북대 | M92: 경북대 | N92: 대구·경북 | O92: 엑셀(가로)·현황PDF(100건)
A93: 89 | B93: 83 | D93: =요약!$C$5-(1900+B93) -> 43 | E93: 돼지띠 | F93: 코오롱 | G93: 코오롱 | H93: 권희선 | I93: 차장 | J93: 부장 이하 | L93: 경희대 | M93: 경희대 | N93: 서울 | O93: 엑셀(가로)·현황PDF(100건)
A94: 90 | B94: 83 | D94: =요약!$C$5-(1900+B94) -> 43 | E94: 돼지띠 | F94: 제일 | G94: 제일건설 | H94: 김재승 | I94: 차장 | J94: 부장 이하 | K94: 팀장 | L94: 경기대 | M94: 경기대 | O94: 엑셀(가로)·현황PDF(100건)
A95: 91 | B95: 83 | D95: =요약!$C$5-(1900+B95) -> 43 | E95: 돼지띠 | F95: 현대ENG | G95: 현대ENG | H95: 이진혁 | I95: 차장 | J95: 부장 이하 | L95: 서울시립대 | M95: 서울시립대 | N95: 서울 | O95: 엑셀(가로)·현황PDF(100건) | P95: 직급 표기 상이: 엑셀·현황PDF 차장 / 학교별분석PDF 책임. 확인 필요.
A96: 92 | B96: 83 | D96: =요약!$C$5-(1900+B96) -> 43 | E96: 돼지띠 | F96: 동부 | G96: 동부건설 | H96: 김대건 | I96: 차장 | J96: 부장 이하 | L96: 한양대 | M96: 한양대 | N96: 서울 | O96: 엑셀(가로)·현황PDF(100건)
A97: 93 | B97: 83 | D97: =요약!$C$5-(1900+B97) -> 43 | E97: 돼지띠 | F97: 동부 | G97: 동부건설 | H97: 정훈기 | I97: 차장 | J97: 부장 이하 | L97: 전남대 | M97: 전남대 | N97: 호남·강원 | O97: 엑셀(가로)·현황PDF(100건)
A98: 94 | B98: 83 | D98: =요약!$C$5-(1900+B98) -> 43 | E98: 돼지띠 | F98: 이수 | G98: 이수건설 | H98: 김종욱 | I98: 차장 | J98: 부장 이하 | L98: 중앙대 | M98: 중앙대 | N98: 서울 | O98: 엑셀(가로)·현황PDF(100건)
A99: 95 | B99: 83 | D99: =요약!$C$5-(1900+B99) -> 43 | E99: 돼지띠 | F99: 한화 | G99: 한화건설 | H99: 차원재 | I99: 차장 | J99: 부장 이하 | L99: 연세대 | M99: 연세대 | N99: 서울 | O99: 엑셀(가로)·현황PDF(100건)
A100: 96 | B100: 84 | D100: =요약!$C$5-(1900+B100) -> 42 | E100: 쥐띠 | F100: 한신 | G100: 한신공영 | H100: 이상혁 | I100: 차장 | J100: 부장 이하 | L100: 세종대 | M100: 세종대 | N100: 서울 | O100: 엑셀(가로)·현황PDF(100건)
A101: 97 | B101: 84 | D101: =요약!$C$5-(1900+B101) -> 42 | E101: 쥐띠 | F101: GS | G101: GS건설 | H101: 정가람 | I101: 차장 | J101: 부장 이하 | L101: 숭실대 | M101: 숭실대 | N101: 서울 | O101: 엑셀(가로)·현황PDF(100건)
...

Sheet 년생별
A1: 년생별 현황
A2: 출처: 인원명부 시트 집계(COUNTIF 수식) · 띠는 원자료 표기
A4: 년생 | B4: 연나이 | C4: 띠 | D4: 인원 | E4: 임원 | F4: 부장 이하 | G4: 팀장·파트장 | H4: 명단 (업체 성명 직급)
A5: 66 | B5: =요약!$C$5-(1900+A5) -> 60 | C5: 말띠 | D5: =COUNTIF(인원명부!$B$5:$B$105,A5) -> 5 | E5: =COUNTIFS(인원명부!$B$5:$B$105,A5,인원명부!$J$5:$J$105,"임원") -> 5 | F5: =COUNTIFS(인원명부!$B$5:$B$105,A5,인원명부!$J$5:$J$105,"부장 이하") -> 0 | G5: =COUNTIFS(인원명부!$B$5:$B$105,A5,인원명부!$K$5:$K$105,"?*") -> 0 | H5: 남광 허정호 부사장, KR 조판철 상무, 대보 정재수 전무, 태영 정진형 전무, 포스코 박종진 전무
A6: 67 | B6: =요약!$C$5-(1900+A6) -> 59 | C6: 양띠 | D6: =COUNTIF(인원명부!$B$5:$B$105,A6) -> 0 | E6: =COUNTIFS(인원명부!$B$5:$B$105,A6,인원명부!$J$5:$J$105,"임원") -> 0 | F6: =COUNTIFS(인원명부!$B$5:$B$105,A6,인원명부!$J$5:$J$105,"부장 이하") -> 0 | G6: =COUNTIFS(인원명부!$B$5:$B$105,A6,인원명부!$K$5:$K$105,"?*") -> 0 | H6: -
A7: 68 | B7: =요약!$C$5-(1900+A7) -> 58 | C7: 원숭이띠 | D7: =COUNTIF(인원명부!$B$5:$B$105,A7) -> 0 | E7: =COUNTIFS(인원명부!$B$5:$B$105,A7,인원명부!$J$5:$J$105,"임원") -> 0 | F7: =COUNTIFS(인원명부!$B$5:$B$105,A7,인원명부!$J$5:$J$105,"부장 이하") -> 0 | G7: =COUNTIFS(인원명부!$B$5:$B$105,A7,인원명부!$K$5:$K$105,"?*") -> 0 | H7: -
A8: 69 | B8: =요약!$C$5-(1900+A8) -> 57 | C8: 닭띠 | D8: =COUNTIF(인원명부!$B$5:$B$105,A8) -> 1 | E8: =COUNTIFS(인원명부!$B$5:$B$105,A8,인원명부!$J$5:$J$105,"임원") -> 1 | F8: =COUNTIFS(인원명부!$B$5:$B$105,A8,인원명부!$J$5:$J$105,"부장 이하") -> 0 | G8: =COUNTIFS(인원명부!$B$5:$B$105,A8,인원명부!$K$5:$K$105,"?*") -> 0 | H8: 한양 조훈 상무
A9: 70 | B9: =요약!$C$5-(1900+A9) -> 56 | C9: 개띠 | D9: =COUNTIF(인원명부!$B$5:$B$105,A9) -> 7 | E9: =COUNTIFS(인원명부!$B$5:$B$105,A9,인원명부!$J$5:$J$105,"임원") -> 7 | F9: =COUNTIFS(인원명부!$B$5:$B$105,A9,인원명부!$J$5:$J$105,"부장 이하") -> 0 | G9: =COUNTIFS(인원명부!$B$5:$B$105,A9,인원명부!$K$5:$K$105,"?*") -> 0 | H9: 대우 김용 상무, 동부 김희석 전무, 금강 위현복 상무, 한신 조규용 상무, 우미 김형일 전무, 서희 임흥식 전무, 금호 신재혁 전무
A10: 71 | B10: =요약!$C$5-(1900+A10) -> 55 | C10: 돼지띠 | D10: =COUNTIF(인원명부!$B$5:$B$105,A10) -> 2 | E10: =COUNTIFS(인원명부!$B$5:$B$105,A10,인원명부!$J$5:$J$105,"임원") -> 2 | F10: =COUNTIFS(인원명부!$B$5:$B$105,A10,인원명부!$J$5:$J$105,"부장 이하") -> 0 | G10: =COUNTIFS(인원명부!$B$5:$B$105,A10,인원명부!$K$5:$K$105,"?*") -> 0 | H10: 계룡 전병규 상무, HJ중공업 정회경 상무
A11: 72 | B11: =요약!$C$5-(1900+A11) -> 54 | C11: 쥐띠 | D11: =COUNTIF(인원명부!$B$5:$B$105,A11) -> 3 | E11: =COUNTIFS(인원명부!$B$5:$B$105,A11,인원명부!$J$5:$J$105,"임원") -> 3 | F11: =COUNTIFS(인원명부!$B$5:$B$105,A11,인원명부!$J$5:$J$105,"부장 이하") -> 0 | G11: =COUNTIFS(인원명부!$B$5:$B$105,A11,인원명부!$K$5:$K$105,"?*") -> 0 | H11: 계룡 강희관 상무, 진흥 김준기 상무, 태영 우기수 상무
A12: 73 | B12: =요약!$C$5-(1900+A12) -> 53 | C12: 소띠 | D12: =COUNTIF(인원명부!$B$5:$B$105,A12) -> 13 | E12: =COUNTIFS(인원명부!$B$5:$B$105,A12,인원명부!$J$5:$J$105,"임원") -> 9 | F12: =COUNTIFS(인원명부!$B$5:$B$105,A12,인원명부!$J$5:$J$105,"부장 이하") -> 4 | G12: =COUNTIFS(인원명부!$B$5:$B$105,A12,인원명부!$K$5:$K$105,"?*") -> 3 | H12: 극동 박한섭 전무, 남광 남도현 상무, HJ중공업 김건용 상무, 대보 손익창 상무, 서한 김성우 이사, 코오롱 신윤선 상무, 동부 김종표 상무, 동부 정필교 상무, 신동아 최경식 상무, 한화 박영철 부장, 한신 김용진 부장, GS 성중규 부장, 대보 양진영 부장
A13: 74 | B13: =요약!$C$5-(1900+A13) -> 52 | C13: 호랑이띠 | D13: =COUNTIF(인원명부!$B$5:$B$105,A13) -> 4 | E13: =COUNTIFS(인원명부!$B$5:$B$105,A13,인원명부!$J$5:$J$105,"임원") -> 1 | F13: =COUNTIFS(인원명부!$B$5:$B$105,A13,인원명부!$J$5:$J$105,"부장 이하") -> 3 | G13: =COUNTIFS(인원명부!$B$5:$B$105,A13,인원명부!$K$5:$K$105,"?*") -> 1 | H13: DL이앤씨 박창용 실장, GS 박재범 부장, HJ중공업 김성용 부장, HJ중공업 김준의 부장
A14: 75 | B14: =요약!$C$5-(1900+A14) -> 51 | C14: 토끼띠 | D14: =COUNTIF(인원명부!$B$5:$B$105,A14) -> 4 | E14: =COUNTIFS(인원명부!$B$5:$B$105,A14,인원명부!$J$5:$J$105,"임원") -> 2 | F14: =COUNTIFS(인원명부!$B$5:$B$105,A14,인원명부!$J$5:$J$105,"부장 이하") -> 2 | G14: =COUNTIFS(인원명부!$B$5:$B$105,A14,인원명부!$K$5:$K$105,"?*") -> 3 | H14: 우미 김철호 상무, 이수 최병훈 이사, 한화 송원영 부장, 금강 이준성 부장
A15: 76 | B15: =요약!$C$5-(1900+A15) -> 50 | C15: 용띠 | D15: =COUNTIF(인원명부!$B$5:$B$105,A15) -> 12 | E15: =COUNTIFS(인원명부!$B$5:$B$105,A15,인원명부!$J$5:$J$105,"임원") -> 3 | F15: =COUNTIFS(인원명부!$B$5:$B$105,A15,인원명부!$J$5:$J$105,"부장 이하") -> 8 | G15: =COUNTIFS(인원명부!$B$5:$B$105,A15,인원명부!$K$5:$K$105,"?*") -> 7 | H15: DL이앤씨 박은철 상무, 금호 김찬식 상무, 대보 하승훈 상무, 대우 박민혁 책임, 동부 손규홍 부장, 극동 이진만 부장, 대보 김홍석 부장, 서한 길동영 부장, 한양 이유한, 진흥 김동현 부장, 남광 박주현 부장, 계룡 김동식 부장
A16: 77 | B16: =요약!$C$5-(1900+A16) -> 49 | C16: 뱀띠 | D16: =COUNTIF(인원명부!$B$5:$B$105,A16) -> 3 | E16: =COUNTIFS(인원명부!$B$5:$B$105,A16,인원명부!$J$5:$J$105,"임원") -> 0 | F16: =COUNTIFS(인원명부!$B$5:$B$105,A16,인원명부!$J$5:$J$105,"부장 이하") -> 3 | G16: =COUNTIFS(인원명부!$B$5:$B$105,A16,인원명부!$K$5:$K$105,"?*") -> 0 | H16: DL이앤씨 송영찬 부장, 진흥 조성필 차장, 금강 유태현 부장
... A24: 85 | B24: =요약!$C$5-(1900+A24) -> 41 | C24: 소띠 | D24: =COUNTIF(인원명부!$B$5:$B$105,A24) -> 1 | E24: =COUNTIFS(인원명부!$B$5:$B$105,A24,인원명부!$J$5:$J$105,"임원") -> 0 | F24: =COUNTIFS(인원명부!$B$5:$B$105,A24,인원명부!$J$5:$J$105,"부장 이하") -> 1 | G24: =COUNTIFS(인원명부!$B$5:$B$105,A24,인원명부!$K$5:$K$105,"?*") -> 0 | H24: HJ중공업 이상범 과장
A25: 합계 | D25: =SUM(D5:D24) -> 101 | E25: =SUM(E5:E24) -> 33 | F25: =SUM(F5:F24) -> 66 | G25: =SUM(G5:G24) -> 28

Sheet 업체별
A1: 업체별 현황
A2: 출처: 인원명부 시트 집계 · 업체명은 현황 PDF 표기 기준으로 표준화(예: 동부건설→동부, HJ→HJ중공업)
A4: 순위 | B4: 업체 | C4: 인원 | D4: 임원 | E4: 부장 이하 | F4: 팀장·파트장 | G4: 명단 (성명 직급 년생)
A5: =RANK(C5,$C$5:$C$35) -> 1 | B5: 대보 | C5: =COUNTIF(인원명부!$F$5:$F$105,B5) -> 8 | D5: =COUNTIFS(인원명부!$F$5:$F$105,B5,인원명부!$J$5:$J$105,"임원") -> 3 | E5: =COUNTIFS(인원명부!$F$5:$F$105,B5,인원명부!$J$5:$J$105,"부장 이하") -> 5 | F5: =COUNTIFS(인원명부!$F$5:$F$105,B5,인원명부!$K$5:$K$105,"?*") -> 2 | G5: 정재수 전무(66), 손익창 상무(73), 양진영 부장(73), 하승훈 상무(76), 김홍석 부장(76), 차대희 부장(80), 박정석 차장(81), 정영호 차장(84)
A6: =RANK(C6,$C$5:$C$35) -> 2 | B6: 동부 | C6: =COUNTIF(인원명부!$F$5:$F$105,B6) -> 7 | D6: =COUNTIFS(인원명부!$F$5:$F$105,B6,인원명부!$J$5:$J$105,"임원") -> 3 | E6: =COUNTIFS(인원명부!$F$5:$F$105,B6,인원명부!$J$5:$J$105,"부장 이하") -> 4 | F6: =COUNTIFS(인원명부!$F$5:$F$105,B6,인원명부!$K$5:$K$105,"?*") -> 2 | G6: 김희석 전무(70), 김종표 상무(73), 정필교 상무(73), 손규홍 부장(76), 김성호 부장(78), 김대건 차장(83), 정훈기 차장(83)
A7: =RANK(C7,$C$5:$C$35) -> 2 | B7: HJ중공업 | C7: =COUNTIF(인원명부!$F$5:$F$105,B7) -> 7 | D7: =COUNTIFS(인원명부!$F$5:$F$105,B7,인원명부!$J$5:$J$105,"임원") -> 2 | E7: =COUNTIFS(인원명부!$F$5:$F$105,B7,인원명부!$J$5:$J$105,"부장 이하") -> 5 | F7: =COUNTIFS(인원명부!$F$5:$F$105,B7,인원명부!$K$5:$K$105,"?*") -> 0 | G7: 정회경 상무(71), 김건용 상무(73), 김성용 부장(74), 김준의 부장(74), 라영철 차장(78), 이범석 부장(81), 이상범 과장(85)
A8: =RANK(C8,$C$5:$C$35) -> 2 | B8: 계룡 | C8: =COUNTIF(인원명부!$F$5:$F$105,B8) -> 7 | D8: =COUNTIFS(인원명부!$F$5:$F$105,B8,인원명부!$J$5:$J$105,"임원") -> 2 | E8: =COUNTIFS(인원명부!$F$5:$F$105,B8,인원명부!$J$5:$J$105,"부장 이하") -> 5 | F8: =COUNTIFS(인원명부!$F$5:$F$105,B8,인원명부!$K$5:$K$105,"?*") -> 3 | G8: 전병규 상무(71), 강희관 상무(72), 김동식 부장(76), 사용기 부장(79), 오병한 부장(80), 권세호 차장(82), 송원한 차장(82)
A9: =RANK(C9,$C$5:$C$35) -> 5 | B9: DL이앤씨 | C9: =COUNTIF(인원명부!$F$5:$F$105,B9) -> 6 | D9: =COUNTIFS(인원명부!$F$5:$F$105,B9,인원명부!$J$5:$J$105,"임원") -> 2 | E9: =COUNTIFS(인원명부!$F$5:$F$105,B9,인원명부!$J$5:$J$105,"부장 이하") -> 4 | F9: =COUNTIFS(인원명부!$F$5:$F$105,B9,인원명부!$K$5:$K$105,"?*") -> 1 | G9: 박창용 실장(74), 박은철 상무(76), 송영찬 부장(77), 안홍주 부장(79), 정태왕 부장(80), 이석현 부장(82)
A10: =RANK(C10,$C$5:$C$35) -> 5 | B10: 금호 | C10: =COUNTIF(인원명부!$F$5:$F$105,B10) -> 6 | D10: =COUNTIFS(인원명부!$F$5:$F$105,B10,인원명부!$J$5:$J$105,"임원") -> 2 | E10: =COUNTIFS(인원명부!$F$5:$F$105,B10,인원명부!$J$5:$J$105,"부장 이하") -> 4 | F10: =COUNTIFS(인원명부!$F$5:$F$105,B10,인원명부!$K$5:$K$105,"?*") -> 2 | G10: 신재혁 전무(70), 김찬식 상무(76), 강훈모 수석매니저(79), 허림 수석매니저(80), 김수희 수석매니저(81), 이경은 수석매니저(81)
A11: =RANK(C11,$C$5:$C$35) -> 7 | B11: GS | C11: =COUNTIF(인원명부!$F$5:$F$105,B11) -> 5 | D11: =COUNTIFS(인원명부!$F$5:$F$105,B11,인원명부!$J$5:$J$105,"임원") -> 0 | E11: =COUNTIFS(인원명부!$F$5:$F$105,B11,인원명부!$J$5:$J$105,"부장 이하") -> 5 | F11: =COUNTIFS(인원명부!$F$5:$F$105,B11,인원명부!$K$5:$K$105,"?*") -> 1 | G11: 성중규 부장(73), 박재범 부장(74), 서해두 부장(82), 김태우 부장(82), 정가람 차장(84)
A12: =RANK(C12,$C$5:$C$35) -> 8 | B12: 태영 | C12: =COUNTIF(인원명부!$F$5:$F$105,B12) -> 4 | D12: =COUNTIFS(인원명부!$F$5:$F$105,B12,인원명부!$J$5:$J$105,"임원") -> 2 | E12: =COUNTIFS(인원명부!$F$5:$F$105,B12,인원명부!$J$5:$J$105,"부장 이하") -> 2 | F12: =COUNTIFS(인원명부!$F$5:$F$105,B12,인원명부!$K$5:$K$105,"?*") -> 1 | G12: 정진형 전무(66), 우기수 상무(72), 박석현 부장(78), 백건구 차장(82)
A13: =RANK(C13,$C$5:$C$35) -> 8 | B13: 금강 | C13: =COUNTIF(인원명부!$F$5:$F$105,B13) -> 4 | D13: =COUNTIFS(인원명부!$F$5:$F$105,B13,인원명부!$J$5:$J$105,"임원") -> 1 | E13: =COUNTIFS(인원명부!$F$5:$F$105,B13,인원명부!$J$5:$J$105,"부장 이하") -> 3 | F13: =COUNTIFS(인원명부!$F$5:$F$105,B13,인원명부!$K$5:$K$105,"?*") -> 1 | G13: 위현복 상무(70), 이준성 부장(75), 유태현 부장(77), 안현민 차장(82)
A14: =RANK(C14,$C$5:$C$35) -> 8 | B14: 한양 | C14: =COUNTIF(인원명부!$F$5:$F$105,B14) -> 4 | D14: =COUNTIFS(인원명부!$F$5:$F$105,B14,인원명부!$J$5:$J$105,"임원") -> 1 | E14: =COUNTIFS(인원명부!$F$5:$F$105,B14,인원명부!$J$5:$J$105,"부장 이하") -> 1 | F14: =COUNTIFS(인원명부!$F$5:$F$105,B14,인원명부!$K$5:$K$105,"?*") -> 1 | G14: 조훈 상무(69), 이유한(76), 김현욱(78), 임재경 차장(81)
A15: =RANK(C15,$C$5:$C$35) -> 8 | B15: 한화 | C15: =COUNTIF(인원명부!$F$5:$F$105,B15) -> 4 | D15: =COUNTIFS(인원명부!$F$5:$F$105,B15,인원명부!$J$5:$J$105,"임원") -> 0 | E15: =COUNTIFS(인원명부!$F$5:$F$105,B15,인원명부!$J$5:$J$105,"부장 이하") -> 4 | F15: =COUNTIFS(인원명부!$F$5:$F$105,B15,인원명부!$K$5:$K$105,"?*") -> 1 | G15: 박영철 부장(73), 송원영 부장(75), 차원재 차장(83), 하현성 차장(84)
A16: =RANK(C16,$C$5:$C$35) -> 12 | B16: 남광 | C16: =COUNTIF(인원명부!$F$5:$F$105,B16) -> 3 | D16: =COUNTIFS(인원명부!$F$5:$F$105,B16,인원명부!$J$5:$J$105,"임원") -> 2 | E16: =COUNTIFS(인원명부!$F$5:$F$105,B16,인원명부!$J$5:$J$105,"부장 이하") -> 1 | F16: =COUNTIFS(인원명부!$F$5:$F$105,B16,인원명부!$K$5:$K$105,"?*") -> 1 | G16: 허정호 부사장(66), 남도현 상무(73), 박주현 부장(76)
... A35: =RANK(C35,$C$5:$C$35) -> 23 | B35: 현대ENG | C35: =COUNTIF(인원명부!$F$5:$F$105,B35) -> 1 | D35: =COUNTIFS(인원명부!$F$5:$F$105,B35,인원명부!$J$5:$J$105,"임원") -> 0 | E35: =COUNTIFS(인원명부!$F$5:$F$105,B35,인원명부!$J$5:$J$105,"부장 이하") -> 1 | F35: =COUNTIFS(인원명부!$F$5:$F$105,B35,인원명부!$K$5:$K$105,"?*") -> 0 | G35: 이진혁 차장(83)
B36: 합계 | C36: =SUM(C5:C35) -> 101 | D36: =SUM(D5:D35) -> 33 | E36: =SUM(E5:E35) -> 66 | F36: =SUM(F5:F35) -> 28

Sheet 학교별
A1: 학교별 현황
A2: 출처: 인원명부 대표학교 기준 집계 · 대표학교·지역은 학교별 분석 PDF 분류 준용 · 지역 공란 = 원자료 미기재
A4: 순위 | B4: 학교 | C4: 지역 | D4: 인원 | E4: 임원 | F4: 부장 이하 | G4: 명단 (업체 성명 직급 년생)
A5: =RANK(D5,$D$5:$D$49) -> 1 | B5: 한양대 | C5: 서울 | D5: =COUNTIF(인원명부!$L$5:$L$105,B5) -> 11 | E5: =COUNTIFS(인원명부!$L$5:$L$105,B5,인원명부!$J$5:$J$105,"임원") -> 3 | F5: =COUNTIFS(인원명부!$L$5:$L$105,B5,인원명부!$J$5:$J$105,"부장 이하") -> 7 | G5: 대보 정재수 전무(66), 대우 김용 상무(70), HJ중공업 정회경 상무(71), GS 성중규 부장(73), 한화 송원영 부장(75), 한양 이유한(76), 태영 박석현 부장(78), 우미 배성민 부장(80), 금백 이규호 차장(81), 동부 김대건 차장(83), 현대 이호창 책임매니저(84)
A6: =RANK(D6,$D$5:$D$49) -> 2 | B6: 인하대 | C6: 경기·인천 | D6: =COUNTIF(인원명부!$L$5:$L$105,B6) -> 5 | E6: =COUNTIFS(인원명부!$L$5:$L$105,B6,인원명부!$J$5:$J$105,"임원") -> 1 | F6: =COUNTIFS(인원명부!$L$5:$L$105,B6,인원명부!$J$5:$J$105,"부장 이하") -> 4 | G6: 진흥 김준기 상무(72), HJ중공업 김성용 부장(74), 진흥 조성필 차장(77), HJ중공업 이범석 부장(81), 계룡 권세호 차장(82)
A7: =RANK(D7,$D$5:$D$49) -> 3 | B7: 고려대 | C7: 서울 | D7: =COUNTIF(인원명부!$L$5:$L$105,B7) -> 4 | E7: =COUNTIFS(인원명부!$L$5:$L$105,B7,인원명부!$J$5:$J$105,"임원") -> 3 | F7: =COUNTIFS(인원명부!$L$5:$L$105,B7,인원명부!$J$5:$J$105,"부장 이하") -> 1 | G7: 포스코 박종진 전무(66), 코오롱 신윤선 상무(73), DL이앤씨 박창용 실장(74), 동부 김성호 부장(78)
A8: =RANK(D8,$D$5:$D$49) -> 3 | B8: 광운대 | C8: 서울 | D8: =COUNTIF(인원명부!$L$5:$L$105,B8) -> 4 | E8: =COUNTIFS(인원명부!$L$5:$L$105,B8,인원명부!$J$5:$J$105,"임원") -> 3 | F8: =COUNTIFS(인원명부!$L$5:$L$105,B8,인원명부!$J$5:$J$105,"부장 이하") -> 1 | G8: 금강 위현복 상무(70), 우미 김형일 전무(70), 우미 김철호 상무(75), 극동 이진만 부장(76)
A9: =RANK(D9,$D$5:$D$49) -> 3 | B9: 서울과기대 | C9: 서울 | D9: =COUNTIF(인원명부!$L$5:$L$105,B9) -> 4 | E9: =COUNTIFS(인원명부!$L$5:$L$105,B9,인원명부!$J$5:$J$105,"임원") -> 1 | F9: =COUNTIFS(인원명부!$L$5:$L$105,B9,인원명부!$J$5:$J$105,"부장 이하") -> 3 | G9: 남광 남도현 상무(73), GS 박재범 부장(74), 금호 이경은 수석매니저(81), DL건설 하동우 부장(82)
A10: =RANK(D10,$D$5:$D$49) -> 3 | B10: 숭실대 | C10: 서울 | D10: =COUNTIF(인원명부!$L$5:$L$105,B10) -> 4 | E10: =COUNTIFS(인원명부!$L$5:$L$105,B10,인원명부!$J$5:$J$105,"임원") -> 0 | F10: =COUNTIFS(인원명부!$L$5:$L$105,B10,인원명부!$J$5:$J$105,"부장 이하") -> 4 | G10: 한신 김용진 부장(73), GS 정가람 차장(84), 한화 하현성 차장(84), HJ중공업 이상범 과장(85)
A11: =RANK(D11,$D$5:$D$49) -> 3 | B11: 중앙대 | C11: 서울 | D11: =COUNTIF(인원명부!$L$5:$L$105,B11) -> 4 | E11: =COUNTIFS(인원명부!$L$5:$L$105,B11,인원명부!$J$5:$J$105,"임원") -> 1 | F11: =COUNTIFS(인원명부!$L$5:$L$105,B11,인원명부!$J$5:$J$105,"부장 이하") -> 3 | G11: 한양 조훈 상무(69), 쌍용 전현도 차장(81), DL이앤씨 이석현 부장(82), 이수 김종욱 차장(83)
A12: =RANK(D12,$D$5:$D$49) -> 3 | B12: 영남대 | C12: 대구·경북 | D12: =COUNTIF(인원명부!$L$5:$L$105,B12) -> 4 | E12: =COUNTIFS(인원명부!$L$5:$L$105,B12,인원명부!$J$5:$J$105,"임원") -> 1 | F12: =COUNTIFS(인원명부!$L$5:$L$105,B12,인원명부!$J$5:$J$105,"부장 이하") -> 3 | G12: 신동아 최경식 상무(73), 동부 손규홍 부장(76), 서한 길동영 부장(76), 대보 정영호 차장(84)
A13: =RANK(D13,$D$5:$D$49) -> 9 | B13: 건국대 | C13: 서울 | D13: =COUNTIF(인원명부!$L$5:$L$105,B13) -> 3 | E13: =COUNTIFS(인원명부!$L$5:$L$105,B13,인원명부!$J$5:$J$105,"임원") -> 1 | F13: =COUNTIFS(인원명부!$L$5:$L$105,B13,인원명부!$J$5:$J$105,"부장 이하") -> 2 | G13: 극동 박한섭 전무(73), DL이앤씨 송영찬 부장(77), 태영 백건구 차장(82)
A14: =RANK(D14,$D$5:$D$49) -> 9 | B14: 세종대 | C14: 서울 | D14: =COUNTIF(인원명부!$L$5:$L$105,B14) -> 3 | E14: =COUNTIFS(인원명부!$L$5:$L$105,B14,인원명부!$J$5:$J$105,"임원") -> 1 | F14: =COUNTIFS(인원명부!$L$5:$L$105,B14,인원명부!$J$5:$J$105,"부장 이하") -> 2 | G14: 이수 최병훈 이사(75), 대보 차대희 부장(80), 한신 이상혁 차장(84)
A15: =RANK(D15,$D$5:$D$49) -> 9 | B15: 단국대 | C15: 경기·인천 | D15: =COUNTIF(인원명부!$L$5:$L$105,B15) -> 3 | E15: =COUNTIFS(인원명부!$L$5:$L$105,B15,인원명부!$J$5:$J$105,"임원") -> 1 | F15: =COUNTIFS(인원명부!$L$5:$L$105,B15,인원명부!$J$5:$J$105,"부장 이하") -> 2 | G15: DL이앤씨 박은철 상무(76), 대우 박민혁 책임(76), 신동아 이동하 부장(78)
A16: =RANK(D16,$D$5:$D$49) -> 9 | B16: 아주대 | C16: 경기·인천 | D16: =COUNTIF(인원명부!$L$5:$L$105,B16) -> 3 | E16: =COUNTIFS(인원명부!$L$5:$L$105,B16,인원명부!$J$5:$J$105,"임원") -> 1 | F16: =COUNTIFS(인원명부!$L$5:$L$105,B16,인원명부!$J$5:$J$105,"부장 이하") -> 2 | G16: 금호 신재혁 전무(70), 금호 허림 수석매니저(80), GS 서해두 부장(82)
... A30: =RANK(D30,$D$5:$D$49) -> 14 | B30: 조선대 | C30: 호남·강원 | D30: =COUNTIF(인원명부!$L$5:$L$105,B30) -> 2 | E30: =COUNTIFS(인원명부!$L$5:$L$105,B30,인원명부!$J$5:$J$105,"임원") -> 0 | F30: =COUNTIFS(인원명부!$L$5:$L$105,B30,인원명부!$J$5:$J$105,"부장 이하") -> 2 | G30: 한화 박영철 부장(73), 금강 안현민 차장(82)
A31: =RANK(D31,$D$5:$D$49) -> 27 | B31: 경기대 | D31: =COUNTIF(인원명부!$L$5:$L$105,B31) -> 1 | E31: =COUNTIFS(인원명부!$L$5:$L$105,B31,인원명부!$J$5:$J$105,"임원") -> 0 | F31: =COUNTIFS(인원명부!$L$5:$L$105,B31,인원명부!$J$5:$J$105,"부장 이하") -> 1 | G31: 제일 김재승 차장(83)
A32: =RANK(D32,$D$5:$D$49) -> 27 | B32: 경상대 | D32: =COUNTIF(인원명부!$L$5:$L$105,B32) -> 1 | E32: =COUNTIFS(인원명부!$L$5:$L$105,B32,인원명부!$J$5:$J$105,"임원") -> 1 | F32: =COUNTIFS(인원명부!$L$5:$L$105,B32,인원명부!$J$5:$J$105,"부장 이하") -> 0 | G32: 태영 우기수 상무(72)
A33: =RANK(D33,$D$5:$D$49) -> 27 | B33: 경성대 | D33: =COUNTIF(인원명부!$L$5:$L$105,B33) -> 1 | E33: =COUNTIFS(인원명부!$L$5:$L$105,B33,인원명부!$J$5:$J$105,"임원") -> 0 | F33: =COUNTIFS(인원명부!$L$5:$L$105,B33,인원명부!$J$5:$J$105,"부장 이하") -> 1 | G33: HJ중공업 김준의 부장(74)
A34: =RANK(D34,$D$5:$D$49) -> 27 | B34: 계원예술대 | D34: =COUNTIF(인원명부!$L$5:$L$105,B34) -> 1 | E34: =COUNTIFS(인원명부!$L$5:$L$105,B34,인원명부!$J$5:$J$105,"임원") -> 0 | F34: =COUNTIFS(인원명부!$L$5:$L$105,B34,인원명부!$J$5:$J$105,"부장 이하") -> 0 | G34: 한양 김현욱(78)
A35: =RANK(D35,$D$5:$D$49) -> 27 | B35: 동국대 | D35: =COUNTIF(인원명부!$L$5:$L$105,B35) -> 1 | E35: =COUNTIFS(인원명부!$L$5:$L$105,B35,인원명부!$J$5:$J$105,"임원") -> 1 | F35: =COUNTIFS(인원명부!$L$5:$L$105,B35,인원명부!$J$5:$J$105,"부장 이하") -> 0 | G35: 금호 김찬식 상무(76)
A36: =RANK(D36,$D$5:$D$49) -> 27 | B36: 동아대 | D36: =COUNTIF(인원명부!$L$5:$L$105,B36) -> 1 | E36: =COUNTIFS(인원명부!$L$5:$L$105,B36,인원명부!$J$5:$J$105,"임원") -> 0 | F36: =COUNTIFS(인원명부!$L$5:$L$105,B36,인원명부!$J$5:$J$105,"부장 이하") -> 1 | G36: 진흥 김동현 부장(76)
A37: =RANK(D37,$D$5:$D$49) -> 27 | B37: 동양대 | D37: =COUNTIF(인원명부!$L$5:$L$105,B37) -> 1 | E37: =COUNTIFS(인원명부!$L$5:$L$105,B37,인원명부!$J$5:$J$105,"임원") -> 0 | F37: =COUNTIFS(인원명부!$L$5:$L$105,B37,인원명부!$J$5:$J$105,"부장 이하") -> 1 | G37: KR 차유진 부장(79)
A38: =RANK(D38,$D$5:$D$49) -> 27 | B38: 동의대 | D38: =COUNTIF(인원명부!$L$5:$L$105,B38) -> 1 | E38: =COUNTIFS(인원명부!$L$5:$L$105,B38,인원명부!$J$5:$J$105,"임원") -> 0 | F38: =COUNTIFS(인원명부!$L$5:$L$105,B38,인원명부!$J$5:$J$105,"부장 이하") -> 1 | G38: 한양 임재경 차장(81)
A39: =RANK(D39,$D$5:$D$49) -> 27 | B39: 목원대 | D39: =COUNTIF(인원명부!$L$5:$L$105,B39) -> 1 | E39: =COUNTIFS(인원명부!$L$5:$L$105,B39,인원명부!$J$5:$J$105,"임원") -> 0 | F39: =COUNTIFS(인원명부!$L$5:$L$105,B39,인원명부!$J$5:$J$105,"부장 이하") -> 1 | G39: 극동 차길환 차장(82)
A40: =RANK(D40,$D$5:$D$49) -> 27 | B40: 부경대 | D40: =COUNTIF(인원명부!$L$5:$L$105,B40) -> 1 | E40: =COUNTIFS(인원명부!$L$5:$L$105,B40,인원명부!$J$5:$J$105,"임원") -> 0 | F40: =COUNTIFS(인원명부!$L$5:$L$105,B40,인원명부!$J$5:$J$105,"부장 이하") -> 1 | G40: 대보 김홍석 부장(76)
A41: =RANK(D41,$D$5:$D$49) -> 27 | B41: 서울대 | D41: =COUNTIF(인원명부!$L$5:$L$105,B41) -> 1 | E41: =COUNTIFS(인원명부!$L$5:$L$105,B41,인원명부!$J$5:$J$105,"임원") -> 1 | F41: =COUNTIFS(인원명부!$L$5:$L$105,B41,인원명부!$J$5:$J$105,"부장 이하") -> 0 | G41: 동부 정필교 상무(73)
A42: =RANK(D42,$D$5:$D$49) -> 27 | B42: 선문대 | D42: =COUNTIF(인원명부!$L$5:$L$105,B42) -> 1 | E42: =COUNTIFS(인원명부!$L$5:$L$105,B42,인원명부!$J$5:$J$105,"임원") -> 0 | F42: =COUNTIFS(인원명부!$L$5:$L$105,B42,인원명부!$J$5:$J$105,"부장 이하") -> 1 | G42: 대보 박정석 차장(81)
... A49: =RANK(D49,$D$5:$D$49) -> 27 | B49: 한라대 | D49: =COUNTIF(인원명부!$L$5:$L$105,B49) -> 1 | E49: =COUNTIFS(인원명부!$L$5:$L$105,B49,인원명부!$J$5:$J$105,"임원") -> 0 | F49: =COUNTIFS(인원명부!$L$5:$L$105,B49,인원명부!$J$5:$J$105,"부장 이하") -> 1 | G49: 금강 유태현 부장(77)
B50: 합계 | D50: =SUM(D5:D49) -> 100 | E50: =SUM(E5:E49) -> 33 | F50: =SUM(F5:F49) -> 65
B51: 학교 미확인 | D51: =COUNTIF(인원명부!$L$5:$L$105,"") -> 1 | G51: 대보 양진영 부장(73) - 원자료 학교란 "국방부" 표기

Sheet 자료대조
A1: 원자료 대조 및 확인 필요 사항
A2: 4개 원자료를 인원 단위로 대조한 결과
A4: 구분 | B4: 자료명(파일) | C4: 내용 | D4: 등재 건수 | E4: 비고
A5: ① | B5: 5_6212839703138280666.xlsx (가로 시트) | C5: 년생·연나이·띠·성명(업체/직급/학교) | D5: 100명 | E5: 본 명부의 기본 자료. "세로" 시트는 구버전으로 판단하여 미사용(아래 참조).
A6: ② | B6: public_architecture_full_updated (현황 PDF) | C6: 공공건축 동종업계 현황, 66~84년생 | D6: 100건 / 31개사 | E6: ①과 인원·직급·학교 일치 확인.
A7: ③ | B7: public_architecture_1966_1980_filtered_final (현황 PDF) | C7: ②의 66~80년생 필터본 | D7: 71건 / 25개사 | E7: ②의 부분집합. 별도 차이 없음.
A8: ④ | B8: 5_6213033122695487766 (학교별 분석 PDF) | C8: 학교별 명단·순위 | D8: 94명 / 44개교 | E8: ①·②에 없는 이상범(85년생) 1명 포함. 한양 4명·GS 2명·양진영 등 7명 미포함.
A10: 확인 필요 사항
A11: No | B11: 성명(업체) | C11: 항목 | D11: 자료별 표기 | E11: 본 명부 적용
A12: 1 | B12: 이상범 (HJ중공업) | C12: 등재 여부 | D12: ④에만 등재(85년생·과장·숭실대). ①②③ 미등재. | E12: 명부에 포함(101번째). 자료출처 "학교별분석PDF 단독" 표기.
A13: 2 | B13: 사용기 (계룡) | C13: 출신학교 | D13: ①② 충북대 / ④ 청주대 | E13: 충북대(2개 자료 일치) 적용.
A14: 3 | B14: 이진혁 (현대ENG) | C14: 직급 | D14: ①② 차장 / ④ 책임 | E14: 차장 적용.
A15: 4 | B15: 김태우 (GS) | C15: 년생 | D15: ①② 빠른82(82년생 행) / ④ 81 | E15: 82년생 적용, 빠른년생 표기.
A16: 5 | B16: 유태현 (금강) | C16: 년생 | D16: ① 77년생 행에 "빠른76" 기재 / ② 77년생 / ④ 77 | E16: 77년생 적용, 빠른년생 표기.
A17: 6 | B17: 이유한·김현욱 (한양) | C17: 직급 | D17: ① 직급 미기재 / ② 직급 미기재 | E17: 공란 처리.
A18: 7 | B18: 양진영 (대보) | C18: 출신학교 | D18: ① "국방부" 표기 | E18: 학교 미확인 처리. 학교별 집계 제외.
A19: 8 | B19: ①-세로 시트 | C19: 구버전 기록 | D19: 신재혁 68년생·김용 69년생·태영 김학기·DL건설 박종모·대우 박재범(76) 등 가로 시트와 상이 | E19: 가로 시트(②와 일치) 기준 적용. 세로 시트 단독 인원(김학기·박종모)은 미포함.
A20: 9 | B20: ①-가로 시트 | C20: 기타 | D20: J5:K20 영역에 용도 미상 숫자(1/82, 0/81 …) 존재 | E20: 명부와 무관하여 미반영.
